[
  {
    "id": 0,
    "name": "Dolor veniam commodo",
    "description": "Consectetur qui exercitation ipsum id nisi nisi exercitation in enim est consequat.",
    "source": "img/ara_bleu.jpg"
  },
  {
    "id": 1,
    "name": "Sunt ut aute ea anim",
    "description": "Non minim mollit velit nisi ad Lorem. Ullamco in fugiat quis dolor in quis cupidatat.",
    "source": "img/ara_bleu.jpg"
  },
  {
    "id": 2,
    "name": "Nulla fugiat ad",
    "description": "Ut ea duis mollit occaecat labore amet commodo amet.",
    "source": "img/ara_bleu.jpg"
  },
  {
    "id": 3,
    "name": "Dolore occaecat",
    "description": "In non in in enim aute.",
    "source": "img/ara_bleu.jpg"
  },
  {
    "id": 4,
    "name": "Consequat occaecat",
    "description": "Nostrud incididunt aliqua veniam reprehenderit nulla duis.",
    "source": "img/ara_bleu.jpg"
  },
  {
    "id": 5,
    "name": "Cillum pariatur",
    "description": "Culpa consectetur id do magna aute anim dolore.",
    "source": "img/ara_bleu.jpg"
  },
  {
    "id": 6,
    "name": "Ad aliqua",
    "description": "Dolore deserunt dolore laborum nisi voluptate irure labore do.",
    "source": "img/ara_bleu.jpg"
  },
  {
    "id": 7,
    "name": "Dolor veniam commodo",
    "description": "Consectetur qui exercitation ipsum id nisi nisi exercitation in enim est consequat.",
    "source": "img/ara_bleu.jpg"
  },
  {
    "id": 8,
    "name": "Sunt ut aute ea anim",
    "description": "Non minim mollit velit nisi ad Lorem. Ullamco in fugiat quis dolor in quis cupidatat.",
    "source": "img/ara_bleu.jpg"
  },
  {
    "id": 9,
    "name": "Nulla fugiat ad",
    "description": "Ut ea duis mollit occaecat labore amet commodo amet.",
    "source": "img/ara_bleu.jpg"
  },
  {
    "id": 10,
    "name": "Dolore occaecat",
    "description": "In non in in enim aute.",
    "source": "img/ara_bleu.jpg"
  },
  {
    "id": 11,
    "name": "Consequat occaecat",
    "description": "Nostrud incididunt aliqua veniam reprehenderit nulla duis.",
    "source": "img/ara_bleu.jpg"
  },
  {
    "id": 12,
    "name": "Cillum pariatur",
    "description": "Culpa consectetur id do magna aute anim dolore.",
    "source": "img/ara_bleu.jpg"
  },
  {
    "id": 13,
    "name": "Ad aliqua",
    "description": "Dolore deserunt dolore laborum nisi voluptate irure labore do.",
    "source": "img/ara_bleu.jpg"
  },
  {
    "id": 14,
    "name": "Dolor veniam commodo",
    "description": "Consectetur qui exercitation ipsum id nisi nisi exercitation in enim est consequat.",
    "source": "img/ara_bleu.jpg"
  },
  {
    "id": 15,
    "name": "Sunt ut aute ea anim",
    "description": "Non minim mollit velit nisi ad Lorem. Ullamco in fugiat quis dolor in quis cupidatat.",
    "source": "img/ara_bleu.jpg"
  },
  {
    "id": 16,
    "name": "Nulla fugiat ad",
    "description": "Ut ea duis mollit occaecat labore amet commodo amet.",
    "source": "img/ara_bleu.jpg"
  },
  {
    "id": 17,
    "name": "Dolore occaecat",
    "description": "In non in in enim aute.",
    "source": "img/ara_bleu.jpg"
  },
  {
    "id": 18,
    "name": "Consequat occaecat",
    "description": "Nostrud incididunt aliqua veniam reprehenderit nulla duis.",
    "source": "img/ara_bleu.jpg"
  },
  {
    "id": 19,
    "name": "Cillum pariatur",
    "description": "Culpa consectetur id do magna aute anim dolore.",
    "source": "img/ara_bleu.jpg"
  },
  {
    "id": 20,
    "name": "Ad aliqua",
    "description": "Dolore deserunt dolore laborum nisi voluptate irure labore do.",
    "source": "img/ara_bleu.jpg"
  },
  {
    "id": 21,
    "name": "Ad aliqua",
    "description": "Dolore deserunt dolore laborum nisi voluptate irure labore do.",
    "source": "img/ara_bleu.jpg"
  }
]